{"cameraMode":{"drawMode":0,"name":"Shaded","section":"Shading Mode"},"sceneLighting":false,"audioPlay":false,"sceneViewState":{"showFog":true,"showMaterialUpdate":false,"showSkybox":false,"showFlares":true,"showImageEffects":true,"showParticleSystems":true},"in2DMode":false,"pivot":{"x":1.3600000143051148,"y":0.24000000953674317,"z":0.0},"rotation":{"x":0.07790692895650864,"y":-0.01764531619846821,"z":0.0013790433295071126,"w":0.9968045949935913},"size":1.4289418458938599,"orthographic":false}