{"cameraMode":{"drawMode":0,"name":"Shaded","section":"Shading Mode"},"sceneLighting":false,"audioPlay":false,"sceneViewState":{"showFog":true,"showMaterialUpdate":false,"showSkybox":false,"showFlares":true,"showImageEffects":true,"showParticleSystems":true},"in2DMode":false,"pivot":{"x":0.9613033533096314,"y":0.8585236668586731,"z":0.2271663248538971},"rotation":{"x":-0.016128208488225938,"y":-0.9617832899093628,"z":0.05807526782155037,"w":-0.26710689067840578},"size":6.001253128051758,"orthographic":false}